{
    "name": "nf-core/ampliseq",
    "homePage": "https://github.com/nf-core/ampliseq",
    "repos": {
        "nf-core/modules": {
            "custom/dumpsoftwareversions": {
                "git_sha": "e745e167c1020928ef20ea1397b6b4d230681b4d"
            },
            "cutadapt": {
                "git_sha": "e745e167c1020928ef20ea1397b6b4d230681b4d"
            },
            "fastqc": {
                "git_sha": "e745e167c1020928ef20ea1397b6b4d230681b4d"
            },
            "multiqc": {
                "git_sha": "e745e167c1020928ef20ea1397b6b4d230681b4d"
            }
        }
    }
}
